"","Appointment_Date","Appointment_Count","Weekday","MonthYear","Month","patients","all_patients","ratio_patients"
"1",2018-01-01,13,"Monday","2018-01","01",0,0,0
"2",2018-01-02,8056,"Tuesday","2018-01","01",0,0,0
"3",2018-01-03,8098,"Wednesday","2018-01","01",0,0,0
"4",2018-01-04,6899,"Thursday","2018-01","01",0,0,0
"5",2018-01-05,8074,"Friday","2018-01","01",0,0,0
"6",2018-01-06,225,"Saturday","2018-01","01",0,0,0
"7",2018-01-07,1,"Sunday","2018-01","01",0,0,0
"8",2018-01-08,9726,"Monday","2018-01","01",0,0,0
"9",2018-01-09,8694,"Tuesday","2018-01","01",0,0,0
"10",2018-01-10,8185,"Wednesday","2018-01","01",0,0,0
"11",2018-01-11,6711,"Thursday","2018-01","01",0,0,0
"12",2018-01-12,8453,"Friday","2018-01","01",0,0,0
"13",2018-01-13,128,"Saturday","2018-01","01",0,0,0
"14",2018-01-14,1,"Sunday","2018-01","01",0,0,0
"15",2018-01-15,9747,"Monday","2018-01","01",0,0,0
"16",2018-01-16,9013,"Tuesday","2018-01","01",0,0,0
"17",2018-01-17,7207,"Wednesday","2018-01","01",0,0,0
"18",2018-01-18,7371,"Thursday","2018-01","01",0,0,0
"19",2018-01-19,8353,"Friday","2018-01","01",0,0,0
"20",2018-01-20,152,"Saturday","2018-01","01",0,0,0
"21",2018-01-21,4,"Sunday","2018-01","01",0,0,0
"22",2018-01-22,9809,"Monday","2018-01","01",0,0,0
"23",2018-01-23,9058,"Tuesday","2018-01","01",0,0,0
"24",2018-01-24,8720,"Wednesday","2018-01","01",0,0,0
"25",2018-01-25,6919,"Thursday","2018-01","01",0,0,0
"26",2018-01-26,8589,"Friday","2018-01","01",0,0,0
"27",2018-01-27,158,"Saturday","2018-01","01",0,0,0
"28",2018-01-28,13,"Sunday","2018-01","01",0,0,0
"29",2018-01-29,9871,"Monday","2018-01","01",0,0,0
"30",2018-01-30,8896,"Tuesday","2018-01","01",0,0,0
"31",2018-01-31,8588,"Wednesday","2018-01","01",0,0,0
"32",2018-02-01,7208,"Thursday","2018-02","02",0,0,0
"33",2018-02-02,8524,"Friday","2018-02","02",0,0,0
"34",2018-02-03,317,"Saturday","2018-02","02",0,0,0
"35",2018-02-04,4,"Sunday","2018-02","02",0,0,0
"36",2018-02-05,9877,"Monday","2018-02","02",0,0,0
"37",2018-02-06,8959,"Tuesday","2018-02","02",0,0,0
"38",2018-02-07,8419,"Wednesday","2018-02","02",0,0,0
"39",2018-02-08,6557,"Thursday","2018-02","02",0,0,0
"40",2018-02-09,8624,"Friday","2018-02","02",0,0,0
"41",2018-02-10,185,"Saturday","2018-02","02",0,0,0
"42",2018-02-11,13,"Sunday","2018-02","02",0,0,0
"43",2018-02-12,9989,"Monday","2018-02","02",0,0,0
"44",2018-02-13,8944,"Tuesday","2018-02","02",0,0,0
"45",2018-02-14,7441,"Wednesday","2018-02","02",0,0,0
"46",2018-02-15,7104,"Thursday","2018-02","02",0,0,0
"47",2018-02-16,8722,"Friday","2018-02","02",0,0,0
"48",2018-02-17,119,"Saturday","2018-02","02",0,0,0
"49",2018-02-18,13,"Sunday","2018-02","02",0,0,0
"50",2018-02-19,9183,"Monday","2018-02","02",0,0,0
"51",2018-02-20,8392,"Tuesday","2018-02","02",0,0,0
"52",2018-02-21,8051,"Wednesday","2018-02","02",0,0,0
"53",2018-02-22,6797,"Thursday","2018-02","02",0,0,0
"54",2018-02-23,7872,"Friday","2018-02","02",0,0,0
"55",2018-02-24,81,"Saturday","2018-02","02",0,0,0
"56",2018-02-25,13,"Sunday","2018-02","02",0,0,0
"57",2018-02-26,9725,"Monday","2018-02","02",0,0,0
"58",2018-02-27,8465,"Tuesday","2018-02","02",0,0,0
"59",2018-02-28,7916,"Wednesday","2018-02","02",0,0,0
"60",2018-03-01,7135,"Thursday","2018-03","03",0,0,0
"61",2018-03-02,7872,"Friday","2018-03","03",0,0,0
"62",2018-03-03,340,"Saturday","2018-03","03",0,0,0
"63",2018-03-04,2,"Sunday","2018-03","03",0,0,0
"64",2018-03-05,10527,"Monday","2018-03","03",0,0,0
"65",2018-03-06,9734,"Tuesday","2018-03","03",0,0,0
"66",2018-03-07,9344,"Wednesday","2018-03","03",0,0,0
"67",2018-03-08,7187,"Thursday","2018-03","03",0,0,0
"68",2018-03-09,9153,"Friday","2018-03","03",0,0,0
"69",2018-03-10,177,"Saturday","2018-03","03",0,0,0
"70",2018-03-11,1,"Sunday","2018-03","03",0,0,0
"71",2018-03-12,10678,"Monday","2018-03","03",0,0,0
"72",2018-03-13,9824,"Tuesday","2018-03","03",0,0,0
"73",2018-03-14,9387,"Wednesday","2018-03","03",0,0,0
"74",2018-03-15,8083,"Thursday","2018-03","03",0,0,0
"75",2018-03-16,9493,"Friday","2018-03","03",0,0,0
"76",2018-03-17,313,"Saturday","2018-03","03",0,0,0
"77",2018-03-18,3,"Sunday","2018-03","03",0,0,0
"78",2018-03-19,10524,"Monday","2018-03","03",0,0,0
"79",2018-03-20,9702,"Tuesday","2018-03","03",0,0,0
"80",2018-03-21,7616,"Wednesday","2018-03","03",0,0,0
"81",2018-03-22,7735,"Thursday","2018-03","03",0,0,0
"82",2018-03-23,9324,"Friday","2018-03","03",0,0,0
"83",2018-03-24,219,"Saturday","2018-03","03",0,0,0
"84",2018-03-25,13,"Sunday","2018-03","03",0,0,0
"85",2018-03-26,10227,"Monday","2018-03","03",0,0,0
"86",2018-03-27,9707,"Tuesday","2018-03","03",0,0,0
"87",2018-03-28,9022,"Wednesday","2018-03","03",0,0,0
"88",2018-03-29,7777,"Thursday","2018-03","03",0,0,0
"89",2018-03-30,11,"Friday","2018-03","03",0,0,0
"90",2018-03-31,40,"Saturday","2018-03","03",0,0,0
"91",2018-04-01,44,"Sunday","2018-04","04",0,0,0
"92",2018-04-02,3,"Monday","2018-04","04",0,0,0
"93",2018-04-03,9675,"Tuesday","2018-04","04",0,0,0
"94",2018-04-04,8982,"Wednesday","2018-04","04",0,0,0
"95",2018-04-05,7642,"Thursday","2018-04","04",0,0,0
"96",2018-04-06,8578,"Friday","2018-04","04",0,0,0
"97",2018-04-07,217,"Saturday","2018-04","04",0,0,0
"98",2018-04-08,13,"Sunday","2018-04","04",0,0,0
"99",2018-04-09,9729,"Monday","2018-04","04",0,0,0
"100",2018-04-10,9068,"Tuesday","2018-04","04",0,0,0
"101",2018-04-11,8659,"Wednesday","2018-04","04",0,0,0
"102",2018-04-12,7316,"Thursday","2018-04","04",0,0,0
"103",2018-04-13,8404,"Friday","2018-04","04",0,0,0
"104",2018-04-14,158,"Saturday","2018-04","04",0,0,0
"105",2018-04-15,13,"Sunday","2018-04","04",0,0,0
"106",2018-04-16,10518,"Monday","2018-04","04",0,0,0
"107",2018-04-17,9582,"Tuesday","2018-04","04",0,0,0
"108",2018-04-18,8764,"Wednesday","2018-04","04",0,0,0
"109",2018-04-19,6982,"Thursday","2018-04","04",0,0,0
"110",2018-04-20,9234,"Friday","2018-04","04",0,0,0
"111",2018-04-21,224,"Saturday","2018-04","04",0,0,0
"112",2018-04-22,1,"Sunday","2018-04","04",0,0,0
"113",2018-04-23,10579,"Monday","2018-04","04",0,0,0
"114",2018-04-24,9189,"Tuesday","2018-04","04",0,0,0
"115",2018-04-25,8328,"Wednesday","2018-04","04",0,0,0
"116",2018-04-26,8090,"Thursday","2018-04","04",0,0,0
"117",2018-04-27,9170,"Friday","2018-04","04",0,0,0
"118",2018-04-28,323,"Saturday","2018-04","04",0,0,0
"119",2018-04-29,3,"Sunday","2018-04","04",0,0,0
"120",2018-04-30,10543,"Monday","2018-04","04",0,0,0
"121",2018-05-01,9573,"Tuesday","2018-05","05",0,0,0
"122",2018-05-02,9085,"Wednesday","2018-05","05",0,0,0
"123",2018-05-03,7829,"Thursday","2018-05","05",0,0,0
"124",2018-05-04,9441,"Friday","2018-05","05",0,0,0
"125",2018-05-05,133,"Saturday","2018-05","05",0,0,0
"126",2018-05-06,13,"Sunday","2018-05","05",0,0,0
"127",2018-05-07,3,"Monday","2018-05","05",0,0,0
"128",2018-05-08,10208,"Tuesday","2018-05","05",0,0,0
"129",2018-05-09,9652,"Wednesday","2018-05","05",0,0,0
"130",2018-05-10,7499,"Thursday","2018-05","05",0,0,0
"131",2018-05-11,9215,"Friday","2018-05","05",0,0,0
"132",2018-05-12,242,"Saturday","2018-05","05",0,0,0
"133",2018-05-13,4,"Sunday","2018-05","05",0,0,0
"134",2018-05-14,10714,"Monday","2018-05","05",0,0,0
"135",2018-05-15,9665,"Tuesday","2018-05","05",0,0,0
"136",2018-05-16,8965,"Wednesday","2018-05","05",0,0,0
"137",2018-05-17,7524,"Thursday","2018-05","05",0,0,0
"138",2018-05-18,9097,"Friday","2018-05","05",0,0,0
"139",2018-05-19,438,"Saturday","2018-05","05",0,0,0
"140",2018-05-20,3,"Sunday","2018-05","05",0,0,0
"141",2018-05-21,10477,"Monday","2018-05","05",0,0,0
"142",2018-05-22,9728,"Tuesday","2018-05","05",0,0,0
"143",2018-05-23,8015,"Wednesday","2018-05","05",0,0,0
"144",2018-05-24,8055,"Thursday","2018-05","05",0,0,0
"145",2018-05-25,8394,"Friday","2018-05","05",0,0,0
"146",2018-05-26,116,"Saturday","2018-05","05",0,0,0
"147",2018-05-27,13,"Sunday","2018-05","05",0,0,0
"148",2018-05-28,4,"Monday","2018-05","05",0,0,0
"149",2018-05-29,9539,"Tuesday","2018-05","05",0,0,0
"150",2018-05-30,8887,"Wednesday","2018-05","05",0,0,0
"151",2018-05-31,7613,"Thursday","2018-05","05",0,0,0
"152",2018-06-01,8657,"Friday","2018-06","06",0,0,0
"153",2018-06-02,226,"Saturday","2018-06","06",0,0,0
"154",2018-06-03,13,"Sunday","2018-06","06",0,0,0
"155",2018-06-04,10474,"Monday","2018-06","06",0,0,0
"156",2018-06-05,9695,"Tuesday","2018-06","06",0,0,0
"157",2018-06-06,9370,"Wednesday","2018-06","06",0,0,0
"158",2018-06-07,7041,"Thursday","2018-06","06",0,0,0
"159",2018-06-08,9200,"Friday","2018-06","06",0,0,0
"160",2018-06-09,275,"Saturday","2018-06","06",0,0,0
"161",2018-06-10,1,"Sunday","2018-06","06",0,0,0
"162",2018-06-11,10190,"Monday","2018-06","06",0,0,0
"163",2018-06-12,9537,"Tuesday","2018-06","06",0,0,0
"164",2018-06-13,8937,"Wednesday","2018-06","06",0,0,0
"165",2018-06-14,7293,"Thursday","2018-06","06",0,0,0
"166",2018-06-15,8020,"Friday","2018-06","06",0,0,0
"167",2018-06-16,234,"Saturday","2018-06","06",0,0,0
"168",2018-06-17,1,"Sunday","2018-06","06",0,0,0
"169",2018-06-18,10193,"Monday","2018-06","06",0,0,0
"170",2018-06-19,9115,"Tuesday","2018-06","06",0,0,0
"171",2018-06-20,7957,"Wednesday","2018-06","06",0,0,0
"172",2018-06-21,7368,"Thursday","2018-06","06",0,0,0
"173",2018-06-22,8725,"Friday","2018-06","06",0,0,0
"174",2018-06-23,196,"Saturday","2018-06","06",0,0,0
"175",2018-06-24,23,"Sunday","2018-06","06",0,0,0
"176",2018-06-25,10080,"Monday","2018-06","06",0,0,0
"177",2018-06-26,9307,"Tuesday","2018-06","06",0,0,0
"178",2018-06-27,8872,"Wednesday","2018-06","06",0,0,0
"179",2018-06-28,7495,"Thursday","2018-06","06",0,0,0
"180",2018-06-29,8596,"Friday","2018-06","06",0,0,0
"181",2018-06-30,293,"Saturday","2018-06","06",0,0,0
"182",2018-07-01,53,"Sunday","2018-07","07",0,0,0
"183",2018-07-02,10151,"Monday","2018-07","07",0,0,0
"184",2018-07-03,9365,"Tuesday","2018-07","07",0,0,0
"185",2018-07-04,8679,"Wednesday","2018-07","07",0,0,0
"186",2018-07-05,7760,"Thursday","2018-07","07",0,0,0
"187",2018-07-06,8776,"Friday","2018-07","07",0,0,0
"188",2018-07-07,317,"Saturday","2018-07","07",0,0,0
"189",2018-07-08,13,"Sunday","2018-07","07",0,0,0
"190",2018-07-09,10135,"Monday","2018-07","07",0,0,0
"191",2018-07-10,9093,"Tuesday","2018-07","07",0,0,0
"192",2018-07-11,8541,"Wednesday","2018-07","07",0,0,0
"193",2018-07-12,7248,"Thursday","2018-07","07",0,0,0
"194",2018-07-13,8811,"Friday","2018-07","07",0,0,0
"195",2018-07-14,191,"Saturday","2018-07","07",0,0,0
"196",2018-07-15,13,"Sunday","2018-07","07",0,0,0
"197",2018-07-16,9996,"Monday","2018-07","07",0,0,0
"198",2018-07-17,9142,"Tuesday","2018-07","07",0,0,0
"199",2018-07-18,8605,"Wednesday","2018-07","07",0,0,0
"200",2018-07-19,7408,"Thursday","2018-07","07",0,0,0
"201",2018-07-20,8551,"Friday","2018-07","07",0,0,0
"202",2018-07-21,249,"Saturday","2018-07","07",0,0,0
"203",2018-07-22,13,"Sunday","2018-07","07",0,0,0
"204",2018-07-23,9663,"Monday","2018-07","07",0,0,0
"205",2018-07-24,9001,"Tuesday","2018-07","07",0,0,0
"206",2018-07-25,8113,"Wednesday","2018-07","07",0,0,0
"207",2018-07-26,7304,"Thursday","2018-07","07",0,0,0
"208",2018-07-27,8354,"Friday","2018-07","07",0,0,0
"209",2018-07-28,208,"Saturday","2018-07","07",0,0,0
"210",2018-07-29,11,"Sunday","2018-07","07",0,0,0
"211",2018-07-30,9289,"Monday","2018-07","07",0,0,0
"212",2018-07-31,8515,"Tuesday","2018-07","07",0,0,0
"213",2018-08-01,7940,"Wednesday","2018-08","08",0,0,0
"214",2018-08-02,7222,"Thursday","2018-08","08",0,0,0
"215",2018-08-03,7978,"Friday","2018-08","08",0,0,0
"216",2018-08-04,226,"Saturday","2018-08","08",0,0,0
"217",2018-08-05,13,"Sunday","2018-08","08",0,0,0
"218",2018-08-06,9084,"Monday","2018-08","08",0,0,0
"219",2018-08-07,8327,"Tuesday","2018-08","08",0,0,0
"220",2018-08-08,7986,"Wednesday","2018-08","08",0,0,0
"221",2018-08-09,7042,"Thursday","2018-08","08",0,0,0
"222",2018-08-10,7732,"Friday","2018-08","08",0,0,0
"223",2018-08-11,117,"Saturday","2018-08","08",0,0,0
"224",2018-08-12,13,"Sunday","2018-08","08",0,0,0
"225",2018-08-13,9046,"Monday","2018-08","08",0,0,0
"226",2018-08-14,8421,"Tuesday","2018-08","08",0,0,0
"227",2018-08-15,8292,"Wednesday","2018-08","08",0,0,0
"228",2018-08-16,7141,"Thursday","2018-08","08",0,0,0
"229",2018-08-17,7939,"Friday","2018-08","08",0,0,0
"230",2018-08-18,195,"Saturday","2018-08","08",0,0,0
"231",2018-08-19,13,"Sunday","2018-08","08",0,0,0
"232",2018-08-20,9087,"Monday","2018-08","08",0,0,0
"233",2018-08-21,8304,"Tuesday","2018-08","08",0,0,0
"234",2018-08-22,8252,"Wednesday","2018-08","08",0,0,0
"235",2018-08-23,6985,"Thursday","2018-08","08",0,0,0
"236",2018-08-24,7695,"Friday","2018-08","08",0,0,0
"237",2018-08-25,109,"Saturday","2018-08","08",0,0,0
"238",2018-08-26,13,"Sunday","2018-08","08",0,0,0
"239",2018-08-27,7,"Monday","2018-08","08",0,0,0
"240",2018-08-28,8909,"Tuesday","2018-08","08",0,0,0
"241",2018-08-29,8460,"Wednesday","2018-08","08",0,0,0
"242",2018-08-30,7202,"Thursday","2018-08","08",0,0,0
"243",2018-08-31,8147,"Friday","2018-08","08",0,0,0
"244",2018-09-01,351,"Saturday","2018-09","09",0,0,0
"245",2018-09-02,13,"Sunday","2018-09","09",0,0,0
"246",2018-09-03,9617,"Monday","2018-09","09",0,0,0
"247",2018-09-04,8939,"Tuesday","2018-09","09",0,0,0
"248",2018-09-05,8739,"Wednesday","2018-09","09",0,0,0
"249",2018-09-06,7265,"Thursday","2018-09","09",0,0,0
"250",2018-09-07,8803,"Friday","2018-09","09",0,0,0
"251",2018-09-08,201,"Saturday","2018-09","09",0,0,0
"252",2018-09-09,13,"Sunday","2018-09","09",0,0,0
"253",2018-09-10,9866,"Monday","2018-09","09",0,0,0
"254",2018-09-11,9260,"Tuesday","2018-09","09",0,0,0
"255",2018-09-12,9038,"Wednesday","2018-09","09",0,0,0
"256",2018-09-13,7366,"Thursday","2018-09","09",0,0,0
"257",2018-09-14,8799,"Friday","2018-09","09",0,0,0
"258",2018-09-15,668,"Saturday","2018-09","09",0,0,0
"259",2018-09-16,4,"Sunday","2018-09","09",0,0,0
"260",2018-09-17,10354,"Monday","2018-09","09",0,0,0
"261",2018-09-18,9743,"Tuesday","2018-09","09",0,0,0
"262",2018-09-19,8071,"Wednesday","2018-09","09",0,0,0
"263",2018-09-20,7389,"Thursday","2018-09","09",0,0,0
"264",2018-09-21,9104,"Friday","2018-09","09",0,0,0
"265",2018-09-22,608,"Saturday","2018-09","09",0,0,0
"266",2018-09-23,13,"Sunday","2018-09","09",0,0,0
"267",2018-09-24,10562,"Monday","2018-09","09",0,0,0
"268",2018-09-25,10498,"Tuesday","2018-09","09",0,0,0
"269",2018-09-26,10299,"Wednesday","2018-09","09",0,0,0
"270",2018-09-27,8193,"Thursday","2018-09","09",0,0,0
"271",2018-09-28,9172,"Friday","2018-09","09",0,0,0
"272",2018-09-29,2711,"Saturday","2018-09","09",0,0,0
"273",2018-09-30,2,"Sunday","2018-09","09",0,0,0
"274",2018-10-01,11457,"Monday","2018-10","10",0,0,0
"275",2018-10-02,10398,"Tuesday","2018-10","10",0,0,0
"276",2018-10-03,10156,"Wednesday","2018-10","10",0,0,0
"277",2018-10-04,8445,"Thursday","2018-10","10",0,0,0
"278",2018-10-05,9822,"Friday","2018-10","10",0,0,0
"279",2018-10-06,2183,"Saturday","2018-10","10",0,0,0
"280",2018-10-07,7,"Sunday","2018-10","10",0,0,0
"281",2018-10-08,11184,"Monday","2018-10","10",0,0,0
"282",2018-10-09,10128,"Tuesday","2018-10","10",0,0,0
"283",2018-10-10,10495,"Wednesday","2018-10","10",0,0,0
"284",2018-10-11,7812,"Thursday","2018-10","10",0,0,0
"285",2018-10-12,10144,"Friday","2018-10","10",0,0,0
"286",2018-10-13,1397,"Saturday","2018-10","10",0,0,0
"287",2018-10-14,101,"Sunday","2018-10","10",0,0,0
"288",2018-10-15,11603,"Monday","2018-10","10",0,0,0
"289",2018-10-16,10406,"Tuesday","2018-10","10",0,0,0
"290",2018-10-17,8264,"Wednesday","2018-10","10",0,0,0
"291",2018-10-18,8151,"Thursday","2018-10","10",0,0,0
"292",2018-10-19,9753,"Friday","2018-10","10",0,0,0
"293",2018-10-20,1041,"Saturday","2018-10","10",0,0,0
"294",2018-10-21,13,"Sunday","2018-10","10",0,0,0
"295",2018-10-22,10156,"Monday","2018-10","10",0,0,0
"296",2018-10-23,9640,"Tuesday","2018-10","10",0,0,0
"297",2018-10-24,9750,"Wednesday","2018-10","10",0,0,0
"298",2018-10-25,8140,"Thursday","2018-10","10",0,0,0
"299",2018-10-26,8964,"Friday","2018-10","10",0,0,0
"300",2018-10-27,773,"Saturday","2018-10","10",0,0,0
"301",2018-10-28,13,"Sunday","2018-10","10",0,0,0
"302",2018-10-29,10355,"Monday","2018-10","10",0,0,0
"303",2018-10-30,9767,"Tuesday","2018-10","10",0,0,0
"304",2018-10-31,9228,"Wednesday","2018-10","10",0,0,0
"305",2018-11-01,8406,"Thursday","2018-11","11",0,0,0
"306",2018-11-02,9275,"Friday","2018-11","11",0,0,0
"307",2018-11-03,1293,"Saturday","2018-11","11",0,0,0
"308",2018-11-04,13,"Sunday","2018-11","11",0,0,0
"309",2018-11-05,11461,"Monday","2018-11","11",0,0,0
"310",2018-11-06,10673,"Tuesday","2018-11","11",0,0,0
"311",2018-11-07,9970,"Wednesday","2018-11","11",0,0,0
"312",2018-11-08,9006,"Thursday","2018-11","11",0,0,0
"313",2018-11-09,9889,"Friday","2018-11","11",0,0,0
"314",2018-11-10,976,"Saturday","2018-11","11",0,0,0
"315",2018-11-11,5,"Sunday","2018-11","11",0,0,0
"316",2018-11-12,11495,"Monday","2018-11","11",0,0,0
"317",2018-11-13,9992,"Tuesday","2018-11","11",0,0,0
"318",2018-11-14,7508,"Wednesday","2018-11","11",0,0,0
"319",2018-11-15,8774,"Thursday","2018-11","11",0,0,0
"320",2018-11-16,10105,"Friday","2018-11","11",0,0,0
"321",2018-11-17,1103,"Saturday","2018-11","11",0,0,0
"322",2018-11-18,4,"Sunday","2018-11","11",0,0,0
"323",2018-11-19,11087,"Monday","2018-11","11",0,0,0
"324",2018-11-20,10046,"Tuesday","2018-11","11",0,0,0
"325",2018-11-21,9926,"Wednesday","2018-11","11",0,0,0
"326",2018-11-22,8230,"Thursday","2018-11","11",0,0,0
"327",2018-11-23,9521,"Friday","2018-11","11",0,0,0
"328",2018-11-24,266,"Saturday","2018-11","11",0,0,0
"329",2018-11-25,13,"Sunday","2018-11","11",0,0,0
"330",2018-11-26,11060,"Monday","2018-11","11",0,0,0
"331",2018-11-27,9767,"Tuesday","2018-11","11",0,0,0
"332",2018-11-28,9511,"Wednesday","2018-11","11",0,0,0
"333",2018-11-29,7848,"Thursday","2018-11","11",0,0,0
"334",2018-11-30,9165,"Friday","2018-11","11",0,0,0
"335",2018-12-01,507,"Saturday","2018-12","12",0,0,0
"336",2018-12-02,29,"Sunday","2018-12","12",0,0,0
"337",2018-12-03,10443,"Monday","2018-12","12",0,0,0
"338",2018-12-04,9261,"Tuesday","2018-12","12",0,0,0
"339",2018-12-05,9193,"Wednesday","2018-12","12",0,0,0
"340",2018-12-06,7904,"Thursday","2018-12","12",0,0,0
"341",2018-12-07,9113,"Friday","2018-12","12",0,0,0
"342",2018-12-08,254,"Saturday","2018-12","12",0,0,0
"343",2018-12-09,3,"Sunday","2018-12","12",0,0,0
"344",2018-12-10,10836,"Monday","2018-12","12",0,0,0
"345",2018-12-11,9648,"Tuesday","2018-12","12",0,0,0
"346",2018-12-12,9255,"Wednesday","2018-12","12",0,0,0
"347",2018-12-13,7623,"Thursday","2018-12","12",0,0,0
"348",2018-12-14,9106,"Friday","2018-12","12",0,0,0
"349",2018-12-15,265,"Saturday","2018-12","12",0,0,0
"350",2018-12-16,13,"Sunday","2018-12","12",0,0,0
"351",2018-12-17,10390,"Monday","2018-12","12",0,0,0
"352",2018-12-18,9197,"Tuesday","2018-12","12",0,0,0
"353",2018-12-19,9083,"Wednesday","2018-12","12",0,0,0
"354",2018-12-20,7862,"Thursday","2018-12","12",0,0,0
"355",2018-12-21,8446,"Friday","2018-12","12",0,0,0
"356",2018-12-22,97,"Saturday","2018-12","12",0,0,0
"357",2018-12-23,13,"Sunday","2018-12","12",0,0,0
"358",2018-12-24,6253,"Monday","2018-12","12",0,0,0
"359",2018-12-25,4,"Tuesday","2018-12","12",0,0,0
"360",2018-12-26,4,"Wednesday","2018-12","12",0,0,0
"361",2018-12-27,6575,"Thursday","2018-12","12",0,0,0
"362",2018-12-28,7507,"Friday","2018-12","12",0,0,0
"363",2018-12-29,95,"Saturday","2018-12","12",0,0,0
"364",2018-12-30,13,"Sunday","2018-12","12",0,0,0
"365",2018-12-31,7758,"Monday","2018-12","12",0,0,0
"366",2019-01-01,79,"Tuesday","2019-01","01",0,0,0
"367",2019-01-02,8801,"Wednesday","2019-01","01",0,0,0
"368",2019-01-03,7772,"Thursday","2019-01","01",0,0,0
"369",2019-01-04,9019,"Friday","2019-01","01",0,0,0
"370",2019-01-05,231,"Saturday","2019-01","01",0,0,0
"371",2019-01-06,13,"Sunday","2019-01","01",0,0,0
"372",2019-01-07,10508,"Monday","2019-01","01",0,0,0
"373",2019-01-08,9955,"Tuesday","2019-01","01",0,0,0
"374",2019-01-09,9799,"Wednesday","2019-01","01",0,0,0
"375",2019-01-10,8323,"Thursday","2019-01","01",0,0,0
"376",2019-01-11,9857,"Friday","2019-01","01",0,0,0
"377",2019-01-12,356,"Saturday","2019-01","01",0,0,0
"378",2019-01-13,13,"Sunday","2019-01","01",0,0,0
"379",2019-01-14,10939,"Monday","2019-01","01",0,0,0
"380",2019-01-15,10048,"Tuesday","2019-01","01",0,0,0
"381",2019-01-16,9610,"Wednesday","2019-01","01",0,0,0
"382",2019-01-17,8312,"Thursday","2019-01","01",0,0,0
"383",2019-01-18,9553,"Friday","2019-01","01",0,0,0
"384",2019-01-19,270,"Saturday","2019-01","01",0,0,0
"385",2019-01-20,1,"Sunday","2019-01","01",0,0,0
"386",2019-01-21,10926,"Monday","2019-01","01",0,0,0
"387",2019-01-22,9829,"Tuesday","2019-01","01",0,0,0
"388",2019-01-23,7538,"Wednesday","2019-01","01",0,0,0
"389",2019-01-24,7171,"Thursday","2019-01","01",0,0,0
"390",2019-01-25,9573,"Friday","2019-01","01",0,0,0
"391",2019-01-26,181,"Saturday","2019-01","01",0,0,0
"392",2019-01-27,13,"Sunday","2019-01","01",0,0,0
"393",2019-01-28,10771,"Monday","2019-01","01",0,0,0
"394",2019-01-29,9882,"Tuesday","2019-01","01",0,0,0
"395",2019-01-30,9648,"Wednesday","2019-01","01",0,0,0
"396",2019-01-31,8354,"Thursday","2019-01","01",0,0,0
"397",2019-02-01,9721,"Friday","2019-02","02",0,0,0
"398",2019-02-02,364,"Saturday","2019-02","02",0,0,0
"399",2019-02-03,7,"Sunday","2019-02","02",0,0,0
"400",2019-02-04,11268,"Monday","2019-02","02",0,0,0
"401",2019-02-05,9920,"Tuesday","2019-02","02",0,0,0
"402",2019-02-06,9796,"Wednesday","2019-02","02",0,0,0
"403",2019-02-07,8758,"Thursday","2019-02","02",0,0,0
"404",2019-02-08,9790,"Friday","2019-02","02",0,0,0
"405",2019-02-09,311,"Saturday","2019-02","02",0,0,0
"406",2019-02-10,4,"Sunday","2019-02","02",0,0,0
"407",2019-02-11,11226,"Monday","2019-02","02",0,0,0
"408",2019-02-12,9923,"Tuesday","2019-02","02",0,0,0
"409",2019-02-13,9841,"Wednesday","2019-02","02",0,0,0
"410",2019-02-14,7731,"Thursday","2019-02","02",0,0,0
"411",2019-02-15,9785,"Friday","2019-02","02",0,0,0
"412",2019-02-16,223,"Saturday","2019-02","02",0,0,0
"413",2019-02-17,13,"Sunday","2019-02","02",0,0,0
"414",2019-02-18,10216,"Monday","2019-02","02",0,0,0
"415",2019-02-19,9204,"Tuesday","2019-02","02",0,0,0
"416",2019-02-20,9003,"Wednesday","2019-02","02",0,0,0
"417",2019-02-21,8040,"Thursday","2019-02","02",0,0,0
"418",2019-02-22,9018,"Friday","2019-02","02",0,0,0
"419",2019-02-23,218,"Saturday","2019-02","02",0,0,0
"420",2019-02-24,13,"Sunday","2019-02","02",0,0,0
"421",2019-02-25,11006,"Monday","2019-02","02",0,0,0
"422",2019-02-26,9600,"Tuesday","2019-02","02",0,0,0
"423",2019-02-27,7650,"Wednesday","2019-02","02",0,0,0
"424",2019-02-28,8725,"Thursday","2019-02","02",0,0,0
"425",2019-03-01,9534,"Friday","2019-03","03",0,0,0
"426",2019-03-02,289,"Saturday","2019-03","03",0,0,0
"427",2019-03-03,1,"Sunday","2019-03","03",0,0,0
"428",2019-03-04,11163,"Monday","2019-03","03",0,0,0
"429",2019-03-05,9757,"Tuesday","2019-03","03",0,0,0
"430",2019-03-06,9581,"Wednesday","2019-03","03",0,0,0
"431",2019-03-07,8473,"Thursday","2019-03","03",0,0,0
"432",2019-03-08,9569,"Friday","2019-03","03",0,0,0
"433",2019-03-09,268,"Saturday","2019-03","03",0,0,0
"434",2019-03-10,3,"Sunday","2019-03","03",0,0,0
"435",2019-03-11,10834,"Monday","2019-03","03",0,0,0
"436",2019-03-12,9641,"Tuesday","2019-03","03",0,0,0
"437",2019-03-13,9556,"Wednesday","2019-03","03",0,0,0
"438",2019-03-14,7541,"Thursday","2019-03","03",0,0,0
"439",2019-03-15,9450,"Friday","2019-03","03",0,0,0
"440",2019-03-16,273,"Saturday","2019-03","03",0,0,0
"441",2019-03-17,13,"Sunday","2019-03","03",0,0,0
"442",2019-03-18,10936,"Monday","2019-03","03",0,0,0
"443",2019-03-19,9824,"Tuesday","2019-03","03",0,0,0
"444",2019-03-20,8043,"Wednesday","2019-03","03",0,0,0
"445",2019-03-21,8297,"Thursday","2019-03","03",0,0,0
"446",2019-03-22,9323,"Friday","2019-03","03",0,0,0
"447",2019-03-23,226,"Saturday","2019-03","03",0,0,0
"448",2019-03-24,4,"Sunday","2019-03","03",0,0,0
"449",2019-03-25,10838,"Monday","2019-03","03",0,0,0
"450",2019-03-26,9593,"Tuesday","2019-03","03",0,0,0
"451",2019-03-27,9541,"Wednesday","2019-03","03",0,0,0
"452",2019-03-28,8583,"Thursday","2019-03","03",0,0,0
"453",2019-03-29,9124,"Friday","2019-03","03",0,0,0
"454",2019-03-30,276,"Saturday","2019-03","03",0,0,0
"455",2019-03-31,13,"Sunday","2019-03","03",0,0,0
"456",2019-04-01,10564,"Monday","2019-04","04",0,0,0
"457",2019-04-02,9027,"Tuesday","2019-04","04",0,0,0
"458",2019-04-03,9121,"Wednesday","2019-04","04",0,0,0
"459",2019-04-04,8254,"Thursday","2019-04","04",0,0,0
"460",2019-04-05,8969,"Friday","2019-04","04",0,0,0
"461",2019-04-06,226,"Saturday","2019-04","04",0,0,0
"462",2019-04-07,13,"Sunday","2019-04","04",0,0,0
"463",2019-04-08,10941,"Monday","2019-04","04",0,0,0
"464",2019-04-09,9505,"Tuesday","2019-04","04",0,0,0
"465",2019-04-10,8325,"Wednesday","2019-04","04",0,0,0
"466",2019-04-11,7776,"Thursday","2019-04","04",0,0,0
"467",2019-04-12,9330,"Friday","2019-04","04",0,0,0
"468",2019-04-13,263,"Saturday","2019-04","04",0,0,0
"469",2019-04-14,13,"Sunday","2019-04","04",0,0,0
"470",2019-04-15,10042,"Monday","2019-04","04",0,0,0
"471",2019-04-16,8814,"Tuesday","2019-04","04",0,0,0
"472",2019-04-17,8978,"Wednesday","2019-04","04",0,0,0
"473",2019-04-18,7808,"Thursday","2019-04","04",0,0,0
"474",2019-04-19,24,"Friday","2019-04","04",0,0,0
"475",2019-04-20,49,"Saturday","2019-04","04",0,0,0
"476",2019-04-21,13,"Sunday","2019-04","04",0,0,0
"477",2019-04-22,7,"Monday","2019-04","04",0,0,0
"478",2019-04-23,9242,"Tuesday","2019-04","04",0,0,0
"479",2019-04-24,8556,"Wednesday","2019-04","04",0,0,0
"480",2019-04-25,7652,"Thursday","2019-04","04",0,0,0
"481",2019-04-26,8379,"Friday","2019-04","04",0,0,0
"482",2019-04-27,355,"Saturday","2019-04","04",0,0,0
"483",2019-04-28,15,"Sunday","2019-04","04",0,0,0
"484",2019-04-29,10731,"Monday","2019-04","04",0,0,0
"485",2019-04-30,9821,"Tuesday","2019-04","04",0,0,0
"486",2019-05-01,9773,"Wednesday","2019-05","05",0,0,0
"487",2019-05-02,8478,"Thursday","2019-05","05",0,0,0
"488",2019-05-03,9447,"Friday","2019-05","05",0,0,0
"489",2019-05-04,169,"Saturday","2019-05","05",0,0,0
"490",2019-05-05,13,"Sunday","2019-05","05",0,0,0
"491",2019-05-06,14,"Monday","2019-05","05",0,0,0
"492",2019-05-07,10673,"Tuesday","2019-05","05",0,0,0
"493",2019-05-08,9474,"Wednesday","2019-05","05",0,0,0
"494",2019-05-09,8192,"Thursday","2019-05","05",0,0,0
"495",2019-05-10,9254,"Friday","2019-05","05",0,0,0
"496",2019-05-11,367,"Saturday","2019-05","05",0,0,0
"497",2019-05-12,13,"Sunday","2019-05","05",0,0,0
"498",2019-05-13,10573,"Monday","2019-05","05",0,0,0
"499",2019-05-14,9648,"Tuesday","2019-05","05",0,0,0
"500",2019-05-15,9331,"Wednesday","2019-05","05",0,0,0
"501",2019-05-16,7680,"Thursday","2019-05","05",0,0,0
"502",2019-05-17,9286,"Friday","2019-05","05",0,0,0
"503",2019-05-18,284,"Saturday","2019-05","05",0,0,0
"504",2019-05-19,13,"Sunday","2019-05","05",0,0,0
"505",2019-05-20,10484,"Monday","2019-05","05",0,0,0
"506",2019-05-21,9574,"Tuesday","2019-05","05",0,0,0
"507",2019-05-22,7612,"Wednesday","2019-05","05",0,0,0
"508",2019-05-23,8349,"Thursday","2019-05","05",0,0,0
"509",2019-05-24,9173,"Friday","2019-05","05",0,0,0
"510",2019-05-25,136,"Saturday","2019-05","05",0,0,0
"511",2019-05-26,13,"Sunday","2019-05","05",0,0,0
"512",2019-05-27,5,"Monday","2019-05","05",0,0,0
"513",2019-05-28,9524,"Tuesday","2019-05","05",0,0,0
"514",2019-05-29,9021,"Wednesday","2019-05","05",0,0,0
"515",2019-05-30,7955,"Thursday","2019-05","05",0,0,0
"516",2019-05-31,8296,"Friday","2019-05","05",0,0,0
"517",2019-06-01,398,"Saturday","2019-06","06",0,0,0
"518",2019-06-02,13,"Sunday","2019-06","06",0,0,0
"519",2019-06-03,10251,"Monday","2019-06","06",0,0,0
"520",2019-06-04,9144,"Tuesday","2019-06","06",0,0,0
"521",2019-06-05,9059,"Wednesday","2019-06","06",0,0,0
"522",2019-06-06,8169,"Thursday","2019-06","06",0,0,0
"523",2019-06-07,8922,"Friday","2019-06","06",0,0,0
"524",2019-06-08,247,"Saturday","2019-06","06",0,0,0
"525",2019-06-09,13,"Sunday","2019-06","06",0,0,0
"526",2019-06-10,10609,"Monday","2019-06","06",0,0,0
"527",2019-06-11,9281,"Tuesday","2019-06","06",0,0,0
"528",2019-06-12,9119,"Wednesday","2019-06","06",0,0,0
"529",2019-06-13,7565,"Thursday","2019-06","06",0,0,0
"530",2019-06-14,8632,"Friday","2019-06","06",0,0,0
"531",2019-06-15,378,"Saturday","2019-06","06",0,0,0
"532",2019-06-16,2,"Sunday","2019-06","06",0,0,0
"533",2019-06-17,10411,"Monday","2019-06","06",0,0,0
"534",2019-06-18,8967,"Tuesday","2019-06","06",0,0,0
"535",2019-06-19,7589,"Wednesday","2019-06","06",0,0,0
"536",2019-06-20,8207,"Thursday","2019-06","06",0,0,0
"537",2019-06-21,8886,"Friday","2019-06","06",0,0,0
"538",2019-06-22,207,"Saturday","2019-06","06",0,0,0
"539",2019-06-23,1,"Sunday","2019-06","06",0,0,0
"540",2019-06-24,10389,"Monday","2019-06","06",0,0,0
"541",2019-06-25,9202,"Tuesday","2019-06","06",0,0,0
"542",2019-06-26,9203,"Wednesday","2019-06","06",0,0,0
"543",2019-06-27,7949,"Thursday","2019-06","06",0,0,0
"544",2019-06-28,8893,"Friday","2019-06","06",0,0,0
"545",2019-06-29,290,"Saturday","2019-06","06",0,0,0
"546",2019-06-30,13,"Sunday","2019-06","06",0,0,0
"547",2019-07-01,10931,"Monday","2019-07","07",0,0,0
"548",2019-07-02,9477,"Tuesday","2019-07","07",0,0,0
"549",2019-07-03,9368,"Wednesday","2019-07","07",0,0,0
"550",2019-07-04,8141,"Thursday","2019-07","07",0,0,0
"551",2019-07-05,8792,"Friday","2019-07","07",0,0,0
"552",2019-07-06,324,"Saturday","2019-07","07",0,0,0
"553",2019-07-07,13,"Sunday","2019-07","07",0,0,0
"554",2019-07-08,10589,"Monday","2019-07","07",0,0,0
"555",2019-07-09,9390,"Tuesday","2019-07","07",0,0,0
"556",2019-07-10,9138,"Wednesday","2019-07","07",0,0,0
"557",2019-07-11,7717,"Thursday","2019-07","07",0,0,0
"558",2019-07-12,8802,"Friday","2019-07","07",0,0,0
"559",2019-07-13,243,"Saturday","2019-07","07",0,0,0
"560",2019-07-14,13,"Sunday","2019-07","07",0,0,0
"561",2019-07-15,10185,"Monday","2019-07","07",0,0,0
"562",2019-07-16,9165,"Tuesday","2019-07","07",0,0,0
"563",2019-07-17,8952,"Wednesday","2019-07","07",0,0,0
"564",2019-07-18,7792,"Thursday","2019-07","07",0,0,0
"565",2019-07-19,8252,"Friday","2019-07","07",0,0,0
"566",2019-07-20,235,"Saturday","2019-07","07",0,0,0
"567",2019-07-21,13,"Sunday","2019-07","07",0,0,0
"568",2019-07-22,9592,"Monday","2019-07","07",0,0,0
"569",2019-07-23,8767,"Tuesday","2019-07","07",0,0,0
"570",2019-07-24,8708,"Wednesday","2019-07","07",0,0,0
"571",2019-07-25,7414,"Thursday","2019-07","07",0,0,0
"572",2019-07-26,8193,"Friday","2019-07","07",0,0,0
"573",2019-07-27,287,"Saturday","2019-07","07",0,0,0
"574",2019-07-28,13,"Sunday","2019-07","07",0,0,0
"575",2019-07-29,9793,"Monday","2019-07","07",0,0,0
"576",2019-07-30,8753,"Tuesday","2019-07","07",0,0,0
"577",2019-07-31,8507,"Wednesday","2019-07","07",0,0,0
"578",2019-08-01,7263,"Thursday","2019-08","08",0,0,0
"579",2019-08-02,7987,"Friday","2019-08","08",0,0,0
"580",2019-08-03,294,"Saturday","2019-08","08",0,0,0
"581",2019-08-04,13,"Sunday","2019-08","08",0,0,0
"582",2019-08-05,9719,"Monday","2019-08","08",0,0,0
"583",2019-08-06,8817,"Tuesday","2019-08","08",0,0,0
"584",2019-08-07,8411,"Wednesday","2019-08","08",0,0,0
"585",2019-08-08,7435,"Thursday","2019-08","08",0,0,0
"586",2019-08-09,7806,"Friday","2019-08","08",0,0,0
"587",2019-08-10,186,"Saturday","2019-08","08",0,0,0
"588",2019-08-11,13,"Sunday","2019-08","08",0,0,0
"589",2019-08-12,9546,"Monday","2019-08","08",0,0,0
"590",2019-08-13,8649,"Tuesday","2019-08","08",0,0,0
"591",2019-08-14,8232,"Wednesday","2019-08","08",0,0,0
"592",2019-08-15,7233,"Thursday","2019-08","08",0,0,0
"593",2019-08-16,7795,"Friday","2019-08","08",0,0,0
"594",2019-08-17,264,"Saturday","2019-08","08",0,0,0
"595",2019-08-18,13,"Sunday","2019-08","08",0,0,0
"596",2019-08-19,9626,"Monday","2019-08","08",0,0,0
"597",2019-08-20,8605,"Tuesday","2019-08","08",0,0,0
"598",2019-08-21,8508,"Wednesday","2019-08","08",0,0,0
"599",2019-08-22,6708,"Thursday","2019-08","08",0,0,0
"600",2019-08-23,7724,"Friday","2019-08","08",0,0,0
"601",2019-08-24,106,"Saturday","2019-08","08",0,0,0
"602",2019-08-25,13,"Sunday","2019-08","08",0,0,0
"603",2019-08-26,17,"Monday","2019-08","08",0,0,0
"604",2019-08-27,9451,"Tuesday","2019-08","08",0,0,0
"605",2019-08-28,8926,"Wednesday","2019-08","08",0,0,0
"606",2019-08-29,7361,"Thursday","2019-08","08",0,0,0
"607",2019-08-30,8438,"Friday","2019-08","08",0,0,0
"608",2019-08-31,353,"Saturday","2019-08","08",0,0,0
"609",2019-09-01,91,"Sunday","2019-09","09",0,0,0
"610",2019-09-02,9868,"Monday","2019-09","09",0,0,0
"611",2019-09-03,9044,"Tuesday","2019-09","09",0,0,0
"612",2019-09-04,8978,"Wednesday","2019-09","09",0,0,0
"613",2019-09-05,8028,"Thursday","2019-09","09",0,0,0
"614",2019-09-06,8684,"Friday","2019-09","09",0,0,0
"615",2019-09-07,272,"Saturday","2019-09","09",0,0,0
"616",2019-09-08,13,"Sunday","2019-09","09",0,0,0
"617",2019-09-09,10238,"Monday","2019-09","09",0,0,0
"618",2019-09-10,9093,"Tuesday","2019-09","09",0,0,0
"619",2019-09-11,8802,"Wednesday","2019-09","09",0,0,0
"620",2019-09-12,7592,"Thursday","2019-09","09",0,0,0
"621",2019-09-13,8900,"Friday","2019-09","09",0,0,0
"622",2019-09-14,1174,"Saturday","2019-09","09",0,0,0
"623",2019-09-15,13,"Sunday","2019-09","09",0,0,0
"624",2019-09-16,10642,"Monday","2019-09","09",0,0,0
"625",2019-09-17,9975,"Tuesday","2019-09","09",0,0,0
"626",2019-09-18,7856,"Wednesday","2019-09","09",0,0,0
"627",2019-09-19,8137,"Thursday","2019-09","09",0,0,0
"628",2019-09-20,9060,"Friday","2019-09","09",0,0,0
"629",2019-09-21,1025,"Saturday","2019-09","09",0,0,0
"630",2019-09-22,1,"Sunday","2019-09","09",0,0,0
"631",2019-09-23,11507,"Monday","2019-09","09",0,0,0
"632",2019-09-24,10593,"Tuesday","2019-09","09",0,0,0
"633",2019-09-25,9623,"Wednesday","2019-09","09",0,0,0
"634",2019-09-26,8654,"Thursday","2019-09","09",0,0,0
"635",2019-09-27,9354,"Friday","2019-09","09",0,0,0
"636",2019-09-28,2606,"Saturday","2019-09","09",0,0,0
"637",2019-09-29,13,"Sunday","2019-09","09",0,0,0
"638",2019-09-30,11648,"Monday","2019-09","09",0,0,0
"639",2019-10-01,10492,"Tuesday","2019-10","10",0,0,0
"640",2019-10-02,10313,"Wednesday","2019-10","10",0,0,0
"641",2019-10-03,9058,"Thursday","2019-10","10",0,0,0
"642",2019-10-04,9589,"Friday","2019-10","10",0,0,0
"643",2019-10-05,998,"Saturday","2019-10","10",0,0,0
"644",2019-10-06,13,"Sunday","2019-10","10",0,0,0
"645",2019-10-07,11850,"Monday","2019-10","10",0,0,0
"646",2019-10-08,11030,"Tuesday","2019-10","10",0,0,0
"647",2019-10-09,9361,"Wednesday","2019-10","10",0,0,0
"648",2019-10-10,7917,"Thursday","2019-10","10",0,0,0
"649",2019-10-11,9870,"Friday","2019-10","10",0,0,0
"650",2019-10-12,2160,"Saturday","2019-10","10",0,0,0
"651",2019-10-13,13,"Sunday","2019-10","10",0,0,0
"652",2019-10-14,11861,"Monday","2019-10","10",0,0,0
"653",2019-10-15,10932,"Tuesday","2019-10","10",0,0,0
"654",2019-10-16,8252,"Wednesday","2019-10","10",0,0,0
"655",2019-10-17,9092,"Thursday","2019-10","10",0,0,0
"656",2019-10-18,9921,"Friday","2019-10","10",0,0,0
"657",2019-10-19,1639,"Saturday","2019-10","10",0,0,0
"658",2019-10-20,13,"Sunday","2019-10","10",0,0,0
"659",2019-10-21,10898,"Monday","2019-10","10",0,0,0
"660",2019-10-22,9811,"Tuesday","2019-10","10",0,0,0
"661",2019-10-23,9536,"Wednesday","2019-10","10",0,0,0
"662",2019-10-24,8665,"Thursday","2019-10","10",0,0,0
"663",2019-10-25,8376,"Friday","2019-10","10",0,0,0
"664",2019-10-26,871,"Saturday","2019-10","10",0,0,0
"665",2019-10-27,13,"Sunday","2019-10","10",0,0,0
"666",2019-10-28,10420,"Monday","2019-10","10",0,0,0
"667",2019-10-29,9697,"Tuesday","2019-10","10",0,0,0
"668",2019-10-30,9481,"Wednesday","2019-10","10",0,0,0
"669",2019-10-31,8195,"Thursday","2019-10","10",0,0,0
"670",2019-11-01,9238,"Friday","2019-11","11",0,0,0
"671",2019-11-02,663,"Saturday","2019-11","11",0,0,0
"672",2019-11-03,13,"Sunday","2019-11","11",0,0,0
"673",2019-11-04,11829,"Monday","2019-11","11",0,0,0
"674",2019-11-05,9991,"Tuesday","2019-11","11",0,0,0
"675",2019-11-06,10109,"Wednesday","2019-11","11",0,0,0
"676",2019-11-07,9271,"Thursday","2019-11","11",0,0,0
"677",2019-11-08,9637,"Friday","2019-11","11",0,0,0
"678",2019-11-09,551,"Saturday","2019-11","11",0,0,0
"679",2019-11-10,1,"Sunday","2019-11","11",0,0,0
"680",2019-11-11,11214,"Monday","2019-11","11",0,0,0
"681",2019-11-12,10161,"Tuesday","2019-11","11",0,0,0
"682",2019-11-13,9683,"Wednesday","2019-11","11",0,0,0
"683",2019-11-14,8587,"Thursday","2019-11","11",0,0,0
"684",2019-11-15,9379,"Friday","2019-11","11",0,0,0
"685",2019-11-16,930,"Saturday","2019-11","11",0,0,0
"686",2019-11-17,13,"Sunday","2019-11","11",0,0,0
"687",2019-11-18,11046,"Monday","2019-11","11",0,0,0
"688",2019-11-19,10228,"Tuesday","2019-11","11",0,0,0
"689",2019-11-20,9527,"Wednesday","2019-11","11",0,0,0
"690",2019-11-21,8694,"Thursday","2019-11","11",0,0,0
"691",2019-11-22,9293,"Friday","2019-11","11",0,0,0
"692",2019-11-23,369,"Saturday","2019-11","11",0,0,0
"693",2019-11-24,1,"Sunday","2019-11","11",0,0,0
"694",2019-11-25,11496,"Monday","2019-11","11",0,0,0
"695",2019-11-26,10642,"Tuesday","2019-11","11",0,0,0
"696",2019-11-27,6833,"Wednesday","2019-11","11",0,0,0
"697",2019-11-28,8774,"Thursday","2019-11","11",0,0,0
"698",2019-11-29,9163,"Friday","2019-11","11",0,0,0
"699",2019-11-30,387,"Saturday","2019-11","11",0,0,0
"700",2019-12-01,79,"Sunday","2019-12","12",0,0,0
"701",2019-12-02,11283,"Monday","2019-12","12",0,0,0
"702",2019-12-03,10298,"Tuesday","2019-12","12",0,0,0
"703",2019-12-04,9633,"Wednesday","2019-12","12",0,0,0
"704",2019-12-05,8552,"Thursday","2019-12","12",0,0,0
"705",2019-12-06,9080,"Friday","2019-12","12",0,0,0
"706",2019-12-07,440,"Saturday","2019-12","12",0,0,0
"707",2019-12-08,13,"Sunday","2019-12","12",0,0,0
"708",2019-12-09,10683,"Monday","2019-12","12",0,0,0
"709",2019-12-10,9522,"Tuesday","2019-12","12",0,0,0
"710",2019-12-11,7297,"Wednesday","2019-12","12",0,0,0
"711",2019-12-12,8383,"Thursday","2019-12","12",0,0,0
"712",2019-12-13,8861,"Friday","2019-12","12",0,0,0
"713",2019-12-14,393,"Saturday","2019-12","12",0,0,0
"714",2019-12-15,13,"Sunday","2019-12","12",0,0,0
"715",2019-12-16,10885,"Monday","2019-12","12",0,0,0
"716",2019-12-17,9692,"Tuesday","2019-12","12",0,0,0
"717",2019-12-18,9470,"Wednesday","2019-12","12",0,0,0
"718",2019-12-19,8270,"Thursday","2019-12","12",0,0,0
"719",2019-12-20,8639,"Friday","2019-12","12",0,0,0
"720",2019-12-21,244,"Saturday","2019-12","12",0,0,0
"721",2019-12-22,13,"Sunday","2019-12","12",0,0,0
"722",2019-12-23,9706,"Monday","2019-12","12",0,0,0
"723",2019-12-24,5649,"Tuesday","2019-12","12",0,0,0
"724",2019-12-25,1,"Wednesday","2019-12","12",0,0,0
"725",2019-12-26,2,"Thursday","2019-12","12",0,0,0
"726",2019-12-27,7139,"Friday","2019-12","12",0,0,0
"727",2019-12-28,87,"Saturday","2019-12","12",0,0,0
"728",2019-12-29,13,"Sunday","2019-12","12",0,0,0
"729",2019-12-30,9316,"Monday","2019-12","12",0,0,0
"730",2019-12-31,6950,"Tuesday","2019-12","12",0,0,0
